{"e2e_model": {"latency_ms_p50": 395.5962657928467, "latency_ms_p90": 396.29828929901123, "latency_ms_p95": 396.84979915618896, "latency_ms_p99": 397.225604057312, "latency_ms_p100": 397.3195552825928, "latency_ms_avg": 395.76040506362915, "throughput": 161.71400468854452}, "context_encoding_model": {"latency_ms_p50": 50.06551742553711, "latency_ms_p90": 50.16176700592041, "latency_ms_p95": 50.17120838165283, "latency_ms_p99": 50.22665500640869, "latency_ms_p100": 50.240516662597656, "latency_ms_avg": 50.075626373291016, "throughput": 639.033444363822}, "token_generation_model": {"latency_ms_p50": 10.422110557556152, "latency_ms_p90": 10.456109046936035, "latency_ms_p95": 10.464680194854736, "latency_ms_p99": 10.518813133239746, "latency_ms_p100": 10.587215423583984, "latency_ms_avg": 10.423838707708544, "throughput": 99.02859142983121}}